{"cameraMode":{"drawMode":0,"name":"Shaded","section":"Shading Mode"},"sceneLighting":true,"audioPlay":false,"sceneViewState":{"showFog":false,"showMaterialUpdate":false,"showSkybox":false,"showFlares":false,"showImageEffects":false,"showParticleSystems":false},"in2DMode":false,"pivot":{"x":2.4071497917175295,"y":-87.63021850585938,"z":-247.3625030517578},"rotation":{"x":0.003092366037890315,"y":0.9778782725334168,"z":-0.20874054729938508,"w":0.014423643238842488},"size":231.10134887695313,"orthographic":false}