{"cameraMode":{"drawMode":0,"name":"Shaded","section":"Shading Mode"},"sceneLighting":true,"audioPlay":false,"sceneViewState":{"showFog":false,"showMaterialUpdate":false,"showSkybox":false,"showFlares":false,"showImageEffects":false,"showParticleSystems":false},"in2DMode":false,"pivot":{"x":-46.51818084716797,"y":-70.13037872314453,"z":133.2304229736328},"rotation":{"x":-0.1956605464220047,"y":0.11448361724615097,"z":-0.023042673245072366,"w":-0.9737124443054199},"size":205.21041870117188,"orthographic":false}