{"cameraMode":{"drawMode":0,"name":"Shaded","section":"Shading Mode"},"sceneLighting":true,"audioPlay":false,"sceneViewState":{"showFog":false,"showMaterialUpdate":false,"showSkybox":false,"showFlares":false,"showImageEffects":false,"showParticleSystems":false},"in2DMode":false,"pivot":{"x":-13.416723251342774,"y":-15.09377670288086,"z":163.474609375},"rotation":{"x":-0.04977778345346451,"y":0.019523121416568757,"z":-0.0009726501884870231,"w":-0.9985844492912293},"size":208.5983123779297,"orthographic":false}