{"cameraMode":{"drawMode":0,"name":"Shaded","section":"Shading Mode"},"sceneLighting":true,"audioPlay":false,"sceneViewState":{"showFog":false,"showMaterialUpdate":false,"showSkybox":false,"showFlares":false,"showImageEffects":false,"showParticleSystems":false},"in2DMode":false,"pivot":{"x":107.98538970947266,"y":-148.74093627929688,"z":-20.683988571166993},"rotation":{"x":-0.3461243510246277,"y":-0.574734628200531,"z":0.29181259870529177,"w":-0.6817291378974915},"size":218.58753967285157,"orthographic":false}