{"cameraMode":{"drawMode":0,"name":"Shaded","section":"Shading Mode"},"sceneLighting":true,"audioPlay":false,"sceneViewState":{"showFog":false,"showMaterialUpdate":false,"showSkybox":false,"showFlares":false,"showImageEffects":false,"showParticleSystems":false},"in2DMode":false,"pivot":{"x":-9.356634140014649,"y":-58.35773468017578,"z":94.36129760742188},"rotation":{"x":0.21166366338729859,"y":-0.01704750396311283,"z":0.0037537601310759784,"w":0.9772069454193115},"size":155.0832977294922,"orthographic":false}