{"cameraMode":{"drawMode":0,"name":"Shaded","section":"Shading Mode"},"sceneLighting":true,"audioPlay":false,"sceneViewState":{"showFog":false,"showMaterialUpdate":false,"showSkybox":false,"showFlares":false,"showImageEffects":false,"showParticleSystems":false},"in2DMode":false,"pivot":{"x":24.132362365722658,"y":8.449459075927735,"z":180.0624542236328},"rotation":{"x":0.01222818810492754,"y":0.11875829100608826,"z":-0.001393680227920413,"w":0.9928691387176514},"size":137.1970977783203,"orthographic":false}